Id,Label,timeset,twitter_type,lat,lng,place_country,place_type,place_fullname,place_name,created_at,lang,possibly_sensitive,quoted_status_permalink,description,email,profile_image,friends_count,followers_count,real_name,location,emoji_alias,emoji_html_decimal,emoji_utf8,Eccentricity,closnesscentrality,harmonicclosnesscentrality,betweenesscentrality,modularity_class
@angelic95989191,@angelic95989191,<[2021-11-22T19:35:24.558Z]>,User,,,,,,,Tue Oct 26 18:59:36 EDT 2021,,,,,,http://pbs.twimg.com/profile_images/1453134424183226371/KjRLbuDV_bigger.jpg,2,0,angelica montanez,,,,,1,1,1,0,0
@actjustapp,@actjustapp,<[2021-11-22T19:35:24.558Z]>,User,,,,,,,Fri Apr 23 11:30:14 EDT 2021,,,,"Want to support a cause and have fun while doing it? ActJust makes activism social and easy! 

Get the app!
http://apps.apple.com/us/app/actjust‚Ä¶",,http://pbs.twimg.com/profile_images/1421248036756410370/AGTaioiB_bigger.jpg,0,104,ActJust,,,,,0,0,0,0,0
@mokonavs,@mokonavs,<[2021-11-22T19:35:26.293Z]>,User,,,,,,,Wed Dec 31 09:48:01 EST 2014,,,,,,http://pbs.twimg.com/profile_images/550302832104980483/_a9G732m_bigger.jpeg,8,4,Mokona White,,,,,1,1,1,0,1
@aikonft,@aikonft,"<[2021-11-22T19:35:26.293Z, 2021-11-22T19:46:11.601Z]>",User,,,,,,,Mon Sep 06 11:42:22 EDT 2021,,,,"I'M AIKO ‚ù§Ô∏è I'm a new concept of NFT-ART based on AI
I'm a virtual companion developed by artificial intelligence. I live on the Solana's blockchain btw. üíã",,http://pbs.twimg.com/profile_images/1445517313768263680/ktXxjzc4_bigger.jpg,533,8042,Aiko,https://discord.gg/aUz5nWyyv8,,,,0,0,0,0,1
@jfsebastian146,@jfsebastian146,<[2021-11-22T19:35:26.368Z]>,User,,,,,,,Wed Sep 04 11:56:47 EDT 2013,,,,"#wordpress #wp #digitalmarketing #endracism #BLM #climateactionnow #stopcensorship #100daysofCode - Site : http://somelikeitwp.com",,http://pbs.twimg.com/profile_images/1237378547225952256/-gpXQWVs_bigger.jpg,6143,13435,JFSebastian146,,,,,1,1,1,0,2
@dolphindivaa,@dolphindivaa,<[2021-11-22T19:35:26.368Z]>,User,,,,,,,Thu Nov 18 10:10:34 EST 2021,,,,Love the earth and all the people on it : ) It doesn't take much to smile...or recycle.,,http://pbs.twimg.com/profile_images/1461353482909147139/1hEYIVLt_bigger.jpg,50,10,DolphinDivaa,,,,,1,1,1,0,2
@canadianpacific,@canadianpacific,<[2021-11-22T19:35:26.368Z]>,User,,,,,,,,,,,,,,,,,,,,,0,0,0,0,2
@jdpm1981,@jdpm1981,<[2021-11-22T19:35:40.975Z]>,User,,,,,,,Wed Sep 08 06:19:20 EDT 2021,,,,,,http://pbs.twimg.com/profile_images/1435548300032229380/2VJ4z-_9_bigger.png,44,1,Jose Pacheco,,,,,1,1,1,0,3
@gyzmoofficial,@gyzmoofficial,"<[2021-11-22T19:35:40.975Z, 2021-11-22T19:36:35.753Z, 2021-11-22T19:36:57.905Z, 2021-11-22T19:38:26.271Z, 2021-11-22T19:38:33.124Z, 2021-11-22T19:39:46.657Z, 2021-11-22T19:40:17.022Z, 2021-11-22T19:41:07.203Z, 2021-11-22T19:41:47.482Z, 2021-11-22T19:42:17.923Z, 2021-11-22T19:43:20.909Z, 2021-11-22T19:43:41.479Z, 2021-11-22T19:44:38.484Z, 2021-11-22T19:45:12.355Z, 2021-11-22T19:45:28.279Z, 2021-11-22T19:45:44.067Z, 2021-11-22T19:48:02.933Z, 2021-11-22T19:48:27.605Z, 2021-11-22T19:49:05.740Z, 2021-11-22T19:49:36.559Z]>",User,,,,,,,Tue Aug 10 13:33:23 EDT 2021,,,,"#GYZMO It is a #solidarity #cryptocurrency, managed by its #community, with use in the real world. Using their fees to #help #children in need #BSC #CryptoGem",,http://pbs.twimg.com/profile_images/1426470150597918723/K2DUD1PR_bigger.jpg,123,443,Gyzmo,BSC BlockChain,,,,0,0,0,0,3
@theboss__007,@theboss__007,"<[2021-11-22T19:35:48.886Z, 2021-11-22T19:37:51.554Z, 2021-11-22T19:47:53.759Z]>",User,,,,,,,Wed May 19 09:16:22 EDT 2021,,,,,,http://pbs.twimg.com/profile_images/1397925190810542094/AD_8er3E_bigger.jpg,29,16,The Boss,,,,,1,1,1,0,4
@streetofgem,@streetofgem,"<[2021-11-22T19:35:48.886Z, 2021-11-22T19:47:53.759Z]>",User,,,,,,,,,,,,,,,,,,,,,0,0,0,0,4
@rewardcycle,@rewardcycle,"<[2021-11-22T19:35:48.886Z, 2021-11-22T19:37:51.554Z, 2021-11-22T19:47:53.759Z]>",User,,,,,,,,,,,,,,,,,,,,,0,0,0,0,4
@cropdrop,@cropdrop,<[2021-11-22T19:35:56.660Z]>,User,,,,,,,Sun Jul 21 09:06:35 EDT 2013,,,,"Haringey's organic veg scheme, for people and planet not profit! Nourishing communities and creating a fairer food system one veg bag at a time.",,http://pbs.twimg.com/profile_images/1373278217285595136/yE8LUJlY_bigger.jpg,719,1227,Crop Drop,"Haringey, North London",,,,1,1,1,0,5
@hornseyvale,@hornseyvale,<[2021-11-22T19:35:56.660Z]>,User,,,,,,,,,,,,,,,,,,,,,0,0,0,0,5
@davidfu13522045,@davidfu13522045,<[2021-11-22T19:36:35.753Z]>,User,,,,,,,Fri Oct 30 13:23:32 EDT 2020,,,,,,http://abs.twimg.com/sticky/default_profile_images/default_profile_bigger.png,0,0,David Fuentes,,,,,0,0,0,0,0
@toftcc,@toftcc,<[2021-11-22T19:36:36.573Z]>,User,,,,,,,Mon Nov 15 22:21:06 EST 2010,,,,"Welcome to the Toft CC official twitter page. Stay in touch for scores, news and social events. #stags",,http://pbs.twimg.com/profile_images/1426847033751740418/PkSEnl24_bigger.jpg,445,2366,Toft Cricket Club,,,,,0,0,0,0,0
@mp_km_sam,@mp_km_sam,<[2021-11-22T19:36:36.573Z]>,User,,,,,,,Mon Aug 03 05:46:15 EDT 2020,,,,Co-op Member Pioneer for Knutsford & Mobberly - All views are my own üì∏ Instagram: http://coopsam.km,,http://pbs.twimg.com/profile_images/1290230303148118018/lqcFo14S_bigger.jpg,666,414,Sam,,,,,0,0,0,0,0
@terraedefi,@terraedefi,<[2021-11-22T19:36:54.349Z]>,User,,,,,,,Sat Nov 13 09:50:11 EST 2021,,,,"Decentralized finance and gaming in the Middle Earth. Swap and Farm $DENI token in http://terrae.finance ‚öîÔ∏è

üó£Ô∏è http://discord.gg/gAyH9fJNxD",,http://pbs.twimg.com/profile_images/1461551509846597636/T_x2ZdC3_bigger.jpg,59,152,Terrae DeFi,"Buenos Aires, Argentina",,,,0,0,0,0,0
@trex_ntfworker,@trex_ntfworker,<[2021-11-22T19:36:54.349Z]>,User,,,,,,,,,,,,,,,,,,,,,0,0,0,0,0
@mancholv,@mancholv,<[2021-11-22T19:36:57.905Z]>,User,,,,,,,Mon Aug 27 21:26:52 EDT 2012,,,,Ingeniero de Sistemas y Telecomunicaciones!!!!...,,http://pbs.twimg.com/profile_images/3162638531/c095b6ec891464870a6345c71c67d6f9_bigger.jpeg,235,39,German Londo√±o,...up YouR HeaD!!..,,,,0,0,0,0,0
@grahamwindham,@grahamwindham,<[2021-11-22T19:37:05.401Z]>,User,,,,,,,Sat Nov 19 00:08:13 EST 2011,,,,Partnering with families and communities to give kids the foundation for a successful life since1806. #nonprofit #families #community #youth,,http://pbs.twimg.com/profile_images/1422200451123097604/CT4ixqIq_bigger.jpg,385,7586,Graham Windham,"Brooklyn, NY",,,,0,0,0,0,0
@joanna_517,@joanna_517,<[2021-11-22T19:37:05.401Z]>,User,,,,,,,,,,,,,,,,,,,,,0,0,0,0,0
@nysensepulveda,@nysensepulveda,<[2021-11-22T19:37:05.401Z]>,User,,,,,,,,,,,,,,,,,,,,,0,0,0,0,0
@repritchie,@repritchie,<[2021-11-22T19:37:05.401Z]>,User,,,,,,,,,,,,,,,,,,,,,0,0,0,0,0
@chevroncolorado,@chevroncolorado,<[2021-11-22T19:37:13.981Z]>,User,,,,,,,Fri Apr 18 14:01:18 EDT 2014,,,,Safely and responsibly developing the energy that improves lives and powers Colorado forward.,,http://pbs.twimg.com/profile_images/1338931133392646144/JgmmkyJn_bigger.png,462,14533,chevroncolorado,"Denver, CO",,,,0,0,0,0,0
@broncos,@broncos,<[2021-11-22T19:37:13.981Z]>,User,,,,,,,,,,,,,,,,,,,,,0,0,0,0,0
@empowerfield,@empowerfield,<[2021-11-22T19:37:13.981Z]>,User,,,,,,,,,,,,,,,,,,,,,0,0,0,0,0
@martiniguyyt,@martiniguyyt,<[2021-11-22T19:37:51.554Z]>,User,,,,,,,,,,,,,,,,,,,,,0,0,0,0,0
@mikejfletcher,@mikejfletcher,<[2021-11-22T19:37:52.593Z]>,User,,,,,,,Fri Jan 14 15:04:08 EST 2011,,,,Born Southerner. Adopted Mancunian. Neighbourhood Officer @ManCityCouncil All views my own.,,http://pbs.twimg.com/profile_images/1400094659930697728/biFYeUPT_bigger.jpg,559,302,Michael Fletcher,"Cheadle Hulme, Manchester",,,,0,0,0,0,0
@mcclevenshulme,@mcclevenshulme,"<[2021-11-22T19:37:52.593Z, 2021-11-22T19:37:52.594Z]>",User,,,,,,,Thu Jul 11 04:40:51 EDT 2013,,,,"Updates from your local Manchester City Council officers. Twitter should not be used to request services, please go to http://www.manchester.gov.uk",,http://pbs.twimg.com/profile_images/378800000613934306/071f0a153d7917f7cb9ccf782b4a1896_bigger.jpeg,214,1915,MCC Levenshulme,"Levenshulme, Manchester",,,,0,0,0,0,0
@woodfelder,@woodfelder,"<[2021-11-22T19:37:52.593Z, 2021-11-22T19:37:52.594Z]>",User,,,,,,,,,,,,,,,,,,,,,0,0,0,0,0
@levycllrs,@levycllrs,"<[2021-11-22T19:37:52.593Z, 2021-11-22T19:37:52.594Z]>",User,,,,,,,,,,,,,,,,,,,,,0,0,0,0,0
@basat_m,@basat_m,"<[2021-11-22T19:37:52.593Z, 2021-11-22T19:37:52.594Z]>",User,,,,,,,,,,,,,,,,,,,,,0,0,0,0,0
@kathlynch2,@kathlynch2,<[2021-11-22T19:38:01.648Z]>,User,,,,,,,Thu Nov 27 07:20:27 EST 2014,,,,AIB East Cork Hub Manager & Branch Manager AIB Midleton,,http://pbs.twimg.com/profile_images/1141464234645237762/WVMPbPGf_bigger.jpg,690,480,Katherine Lynch,AIB Cork,,,,0,0,0,0,0
@midletongaa,@midletongaa,<[2021-11-22T19:38:01.648Z]>,User,,,,,,,,,,,,,,,,,,,,,0,0,0,0,0
@aib_gaa,@aib_gaa,<[2021-11-22T19:38:01.648Z]>,User,,,,,,,,,,,,,,,,,,,,,0,0,0,0,0
@aibireland,@aibireland,<[2021-11-22T19:38:01.648Z]>,User,,,,,,,,,,,,,,,,,,,,,0,0,0,0,0
@nora_js,@nora_js,<[2021-11-22T19:38:01.662Z]>,User,,,,,,,Sun May 03 00:06:40 EDT 2009,,,,Founder and CEO @jeli_io. MSc student @lunduniversity. Ex-@slackhq @netflix @jet. Co-wrote O‚ÄôReilly Chaos Eng x2. Created @LFISoftware. Angel Investor. She/her.,,http://pbs.twimg.com/profile_images/947195421310402560/OknXjx-3_bigger.jpg,1716,14636,Nora Jones,"San Francisco, CA",,,,0,0,0,0,0
@steadybithq,@steadybithq,<[2021-11-22T19:38:01.662Z]>,User,,,,,,,Sun Jun 30 07:12:39 EDT 2019,,,,The friendliest chaos engineering platform on planet earth.,,http://pbs.twimg.com/profile_images/1293818149247365121/VxCem9jw_bigger.png,23,216,steadybit,Distributed,,,,0,0,0,0,0
@morningstargg,@morningstargg,<[2021-11-22T19:38:09.727Z]>,User,,,,,,,Thu Jan 15 02:36:49 EST 2009,,,,"Father and gamer that plays MMOs, RTS, FPS, retro & more! Moar POWAH! Hulk smash that follow button: https://www.twitch.tv/MorningStarGG",,http://pbs.twimg.com/profile_images/1276167337742385155/8gHao3Fd_bigger.png,1228,1287,Nathan Blaser,United States,,,,0,0,0,0,0
@stream_caster,@stream_caster,<[2021-11-22T19:38:09.727Z]>,User,,,,,,,,,,,,,,,,,,,,,0,0,0,0,0
@quick_rt_,@quick_rt_,<[2021-11-22T19:38:09.727Z]>,User,,,,,,,,,,,,,,,,,,,,,0,0,0,0,0
@rockgodnft,@rockgodnft,"<[2021-11-22T19:38:15.425Z, 2021-11-22T19:39:21.628Z, 2021-11-22T19:40:11.325Z, 2021-11-22T19:40:11.889Z, 2021-11-22T19:42:13.194Z, 2021-11-22T19:47:37.724Z]>",User,,,,,,,Tue Oct 26 13:13:04 EDT 2021,,,,"Eternal beings watching over the Rock & Roll world.
NFTs launching soon, join our discord: https://t.co/r7fp6HfZuS
All new live experience soon via @aijiafan",,http://pbs.twimg.com/profile_images/1457465002663632896/OTlgSQV6_bigger.jpg,422,72,RockGodsNFT,Rock and Roll Pantheon,,,,0,0,0,0,0
@nivassoc,@nivassoc,"<[2021-11-22T19:38:15.425Z, 2021-11-22T19:39:21.628Z, 2021-11-22T19:40:11.325Z, 2021-11-22T19:40:11.889Z, 2021-11-22T19:42:13.194Z, 2021-11-22T19:47:37.724Z]>",User,,,,,,,,,,,,,,,,,,,,,0,0,0,0,0
@musiciansfdn,@musiciansfdn,"<[2021-11-22T19:38:15.425Z, 2021-11-22T19:39:21.628Z, 2021-11-22T19:40:11.325Z, 2021-11-22T19:40:11.889Z, 2021-11-22T19:42:13.194Z, 2021-11-22T19:47:37.724Z]>",User,,,,,,,,,,,,,,,,,,,,,0,0,0,0,0
@medium,@medium,"<[2021-11-22T19:38:15.425Z, 2021-11-22T19:39:21.628Z, 2021-11-22T19:40:11.325Z, 2021-11-22T19:40:11.889Z, 2021-11-22T19:42:13.194Z, 2021-11-22T19:47:37.724Z]>",User,,,,,,,,,,,,,,,,,,,,,0,0,0,0,0
@cryptob1208,@cryptob1208,<[2021-11-22T19:38:21.661Z]>,User,,,,,,,Sat Mar 27 15:14:36 EDT 2021,,,,"I'm just a guy who's into tech, crypto, space, video games and movies. I'm not completely boring I promise...",,http://pbs.twimg.com/profile_images/1457847922389835778/jCO0R06__bigger.jpg,50,135,CryptoB,,,,,0,0,0,0,0
@centaurify,@centaurify,<[2021-11-22T19:38:21.661Z]>,User,,,,,,,Wed Jul 07 14:12:57 EDT 2021,,,,Revolutionizing the ticketing-market by tokenizing tickets with NFT & Smart-contract technology. tg: https://t.me/centaurifyofficial,,http://pbs.twimg.com/profile_images/1447287247913488392/obhKzQbM_bigger.jpg,111,18260,Centaurify_Official,Norge,,,,0,0,0,0,0
@miguela80288661,@miguela80288661,<[2021-11-22T19:38:26.271Z]>,User,,,,,,,Sat May 19 20:15:00 EDT 2012,,,,,,http://pbs.twimg.com/profile_images/955178312321519617/Y8memFSN_bigger.jpg,89,13,Mike Rodr√≠guez M.,,,,,0,0,0,0,0
@kinti,@kinti,<[2021-11-22T19:38:33.124Z]>,User,,,,,,,Sun Sep 21 07:12:47 EDT 2008,,,,Hasta los santos pierden la paciencia! -Kintaro OE-,,http://pbs.twimg.com/profile_images/1271386000/310b4dd9-9d2c-4510-8a51-05fcd73158d5_bigger.png,65,56,Kinti,Porto Cristo-Mallorca,,,,0,0,0,0,0
@blvischool,@blvischool,<[2021-11-22T19:38:46.803Z]>,User,,,,,,,Fri Aug 11 08:18:14 EDT 2017,,,,A small jolly Infant School on the north side of Farnham with a wonderful community feel.,,http://pbs.twimg.com/profile_images/1338512971983687686/Z60_aEWG_bigger.jpg,58,346,Badshot Lea Infants,"England, United Kingdom",,,,0,0,0,0,0
@farnhamofficial,@farnhamofficial,<[2021-11-22T19:38:46.803Z]>,User,,,,,,,,,,,,,,,,,,,,,0,0,0,0,0
@b_lea_and_hale,@b_lea_and_hale,<[2021-11-22T19:38:46.803Z]>,User,,,,,,,,,,,,,,,,,,,,,0,0,0,0,0
@onemattpowell,@onemattpowell,"<[2021-11-22T19:39:16.586Z, 2021-11-22T19:39:16.587Z]>",User,,,,,,,Fri Jun 26 12:08:58 EDT 2009,,,,Opinions here are either my own or nicked from someone more intelligent.,,http://pbs.twimg.com/profile_images/3108481096/fec7e55679f630c189ce3e49a25622e2_bigger.jpeg,312,452,Matt Powell,,,,,0,0,0,0,0
@ap_reach,@ap_reach,"<[2021-11-22T19:39:16.586Z, 2021-11-22T19:39:16.587Z]>",User,,,,,,,Mon Jul 05 14:58:38 EDT 2021,,,,"Based in Kings Heath, Birmingham, we are a leading alternative education provider for students in years 9 -11. Working towards becoming a TIAAS.",,http://pbs.twimg.com/profile_images/1412500412612157440/-7ASRA3g_bigger.jpg,143,81,REACH AP School,"Kings Heath, Birmingham ",,,,0,0,0,0,0
@enjoykingsheath,@enjoykingsheath,<[2021-11-22T19:39:16.587Z]>,User,,,,,,,,,,,,,,,,,,,,,0,0,0,0,0
@juice_29,@juice_29,<[2021-11-22T19:39:21.628Z]>,User,,,,,,,Thu Jul 23 01:43:05 EDT 2009,,,,"Tech, Crypto, Entertainment
http://lazy.com/jaceaijia
http://discord.gg/RockGodNFT",,http://pbs.twimg.com/profile_images/1461436860706689025/T6SwWVjo_bigger.jpg,1094,215,Jace Anderson,,,,,0,0,0,0,0
@cnftasher,@cnftasher,<[2021-11-22T19:39:38.139Z]>,User,,,,,,,Sat Oct 23 11:09:38 EDT 2021,,,,,,http://pbs.twimg.com/profile_images/1451929338190827534/e5pJLdwC_bigger.jpg,821,99,CNFT_Asher,,,,,0,0,0,0,0
@_g_o_c_,@_g_o_c_,<[2021-11-22T19:39:38.139Z]>,User,,,,,,,Sun Oct 10 10:41:40 EDT 2021,,,,5000 unique Gangster #NFT's on the #Cardano blockchain !! Join our Discord : coming soon !! Official homepage: http://gangstersofcardano.com,,http://pbs.twimg.com/profile_images/1448739935557726209/AfNU5_Ka_bigger.jpg,200,591,Gangsters of Cardano cNFT,"Medell√≠n, Colombia",,,,0,0,0,0,0
@alepinlup,@alepinlup,<[2021-11-22T19:39:46.657Z]>,User,,,,,,,Sun Apr 02 20:38:46 EDT 2017,,,,Ingeniero Industrial egresado de la UNAM.,,http://pbs.twimg.com/profile_images/1360280920343904259/Jzky0M5u_bigger.jpg,88,8,Ing. Alejandro Pineda Lupercio,"Ciudad de M√©xico ",,,,0,0,0,0,0
@lulu39868503,@lulu39868503,<[2021-11-22T19:39:51.150Z]>,User,,,,,,,Thu Feb 18 21:23:49 EST 2021,,,,,,http://pbs.twimg.com/profile_images/1366259764301156352/noEmae-t_bigger.jpg,44,138,Alem F,,,,,0,0,0,0,0
@eritreawatch,@eritreawatch,"<[2021-11-22T19:39:51.150Z, 2021-11-22T19:48:48.572Z]>",User,,,,,,,Wed Jun 12 04:32:15 EDT 2013,,,,Charge d'affaires of the Embassy and Permanent Mission of Eritrea to the UN in Geneva,,http://pbs.twimg.com/profile_images/1460592529850748932/7jSWo0qR_bigger.jpg,991,2435,Adem Osman,Switzerland,,,,0,0,0,0,0
@mr_transylvania,@mr_transylvania,<[2021-11-22T19:39:51.681Z]>,User,,,,,,,Wed Mar 09 21:50:58 EST 2016,,,,"Sc : Mr.Transylvania
Doge Address: DDMSzeoWWmppWDgZ6jmi5YmC77iMM1iZaa
$DOGE #DogecoinToTheMoon #Ethereum #BTC #VeChain #PIT
nothing i say is financial advice",,http://pbs.twimg.com/profile_images/805168860370522115/aF3M3LUw_bigger.jpg,2178,1100,Ryan Glass,,,,,0,0,0,0,0
@bscpitbull,@bscpitbull,"<[2021-11-22T19:39:51.681Z, 2021-11-22T19:39:51.682Z, 2021-11-22T19:39:58.310Z, 2021-11-22T19:39:58.312Z, 2021-11-22T19:42:16.074Z, 2021-11-22T19:47:06.675Z]>",User,,,,,,,Wed Mar 17 14:21:37 EDT 2021,,,,"‚û°https://linktr.ee/PitbullTokenCommunity | 100% community owned |  Safe by Concept | $PIT #Pitbull #pitbullish #Finance | 
https://swap.pitbull.community/#/swap",,http://pbs.twimg.com/profile_images/1386629947515674624/UkJ8HaqG_bigger.jpg,106,96675,Pitbull Token,Worldwide,,,,0,0,0,0,0
@coinmarketcap,@coinmarketcap,"<[2021-11-22T19:39:51.681Z, 2021-11-22T19:39:51.682Z, 2021-11-22T19:39:58.310Z, 2021-11-22T19:39:58.312Z, 2021-11-22T19:42:16.074Z, 2021-11-22T19:47:06.675Z]>",User,,,,,,,,,,,,,,,,,,,,,0,0,0,0,0
@nizamulmulkemin,@nizamulmulkemin,<[2021-11-22T19:39:58.310Z]>,User,,,,,,,Sun Apr 18 11:08:12 EDT 2021,,,,"#Pitbullarmy",,http://pbs.twimg.com/profile_images/1454892972747730944/4gMlRBM4_bigger.jpg,789,136,"#PIT Bombadil",,,,,0,0,0,0,0
@arabada15evde45,@arabada15evde45,<[2021-11-22T19:40:10.370Z]>,User,,,,,,,Wed Apr 22 11:28:16 EDT 2020,,,,,,http://pbs.twimg.com/profile_images/1369770633467428864/EbS67UUp_bigger.jpg,51,8,KELKELOƒûLAN,,,,,0,0,0,0,0
@tsuga007,@tsuga007,"<[2021-11-22T19:40:10.370Z, 2021-11-22T19:47:24.813Z]>",User,,,,,,,Sun Sep 12 09:51:25 EDT 2021,,,,"Holder and supporter of $TSUGA üî•
@TsukiverseToken üíé
#newgame #tsukiversegalacticadventures
where you earn #crypto and #BNBrewards out soon üíéüååüöÄ",,http://pbs.twimg.com/profile_images/1462849159434809349/8Sad1Rd__bigger.jpg,1597,396,Tsuga_007üíé,,,,,0,0,0,0,0
@davidgokhshtein,@davidgokhshtein,"<[2021-11-22T19:40:10.370Z, 2021-11-22T19:47:24.813Z]>",User,,,,,,,,,,,,,,,,,,,,,0,0,0,0,0
@itsjoelday,@itsjoelday,<[2021-11-22T19:40:11.325Z]>,User,,,,,,,Tue Jul 10 18:40:42 EDT 2012,,,,"üá¶üá∫ expat in üá®üá¶. ‚ù§Ô∏è my family. Founder. Creating, building, sharing. Thoughts are my own. 
Working on:
üëâ  @aijiafan
üëâ  @hechangedit
üëâ  https://t.co/drkqLJJwnZ",,http://pbs.twimg.com/profile_images/1450931600485588993/Hn6ddTrb_bigger.jpg,2158,163,JD,"Kelowna, British Columbia",,,,0,0,0,0,0
@cami84076499,@cami84076499,<[2021-11-22T19:40:11.888Z]>,User,,,,,,,Fri Nov 19 22:21:56 EST 2021,,,,Nothing üòÇüçÅ,,http://pbs.twimg.com/profile_images/1461897634637963265/6IBgOMPh_bigger.jpg,1,4,Cami,,,,,0,0,0,0,0
@nftecosystemm,@nftecosystemm,<[2021-11-22T19:40:11.888Z]>,User,,,,,,,,,,,,,,,,,,,,,0,0,0,0,0
@tinasplayzone,@tinasplayzone,<[2021-11-22T19:40:16.626Z]>,User,,,,,,,Fri Apr 03 14:55:24 EDT 2020,,,,Ich spiele Leidenschaftlich Sims 4 und auch andere Multiplayer Games. Mich findet ihr bei YT unter TinasPlayZone. Schaut doch gerne vorbei.,,http://pbs.twimg.com/profile_images/1439842020370132994/CLPY0Uwh_bigger.jpg,12,2,TinasPlayZone,,,,,0,0,0,0,0
@youtube,@youtube,<[2021-11-22T19:40:16.626Z]>,User,,,,,,,,,,,,,,,,,,,,,0,0,0,0,0
@cefemadero,@cefemadero,<[2021-11-22T19:40:17.022Z]>,User,,,,,,,Mon Mar 25 07:19:51 EDT 2013,,,,,,http://pbs.twimg.com/profile_images/3460980471/e55f3ce18e711b4d4b679a2a0e95605a_bigger.jpeg,39,11,cefemadero,,,,,0,0,0,0,0
@xboxscruffy,@xboxscruffy,<[2021-11-22T19:40:17.282Z]>,User,,,,,,,Sun Apr 26 14:54:31 EDT 2020,,,,Xbox Ambassador | GT: XboxScruffy | YouTuber | Podcaster,,http://pbs.twimg.com/profile_images/1461495792469000199/_dm0nDmK_bigger.jpg,946,299,ScruffyüéÆ,Brit in the US,,,,0,0,0,0,0
@paulkozinski,@paulkozinski,<[2021-11-22T19:40:17.282Z]>,User,,,,,,,Thu Jan 06 18:01:57 EST 2011,,,,üé≠ Actor (Enquiries: https://t.co/wJPsLPutum) | üéÆ Streamer (https://t.co/XjJT5neMMS) | ‚Äã1‚ÅÑ3 of @NearlyMen | üéûÔ∏è Editor https://t.co/j6n775Zurl |‚öΩ@PartickThistle üèà@Saints,,http://pbs.twimg.com/profile_images/1458731380251275265/EHVDD1MV_bigger.jpg,297,532,Paul Kozinski,"Glasgow, Scotland",,,,0,0,0,0,0
@kathy_t_bury,@kathy_t_bury,<[2021-11-22T19:40:26.381Z]>,User,,,,,,,Mon Nov 28 16:29:06 EST 2011,,,,"'Move More, Live Well' Locality officer  @BuryCouncil covering Bury North and East üö¥‚Äç‚ôÄÔ∏èüèäüèÉ‚Äç‚ôÄÔ∏èVolunteer & coordinator @KeepBuryClean litter pickers üöÆ ‚ôªÔ∏èüå≥",,http://pbs.twimg.com/profile_images/1444416090067677197/K4pQy5IY_bigger.jpg,540,190,Kathy Taylor,"Bury, Lancs",,,,0,0,0,0,0
@fairfieldprim,@fairfieldprim,"<[2021-11-22T19:40:26.381Z, 2021-11-22T19:40:26.382Z]>",User,,,,,,,Fri Oct 01 07:01:59 EDT 2021,,,,,,http://pbs.twimg.com/profile_images/1443894037602242573/wqS1kCb2_bigger.jpg,2,45,Fairfield Primary School,,,,,0,0,0,0,0
@keepburyclean,@keepburyclean,"<[2021-11-22T19:40:26.381Z, 2021-11-22T19:40:26.382Z]>",User,,,,,,,,,,,,,,,,,,,,,0,0,0,0,0
@crowefam_,@crowefam_,"<[2021-11-22T19:40:26.625Z, 2021-11-22T19:40:26.626Z]>",User,,,,,,,Wed Sep 08 16:37:00 EDT 2021,,,,Crowe Fam Stream Team // Trying to spread love and help people grow! // https://discord.gg/crowe ||| Owner - @crowegamingg,,http://pbs.twimg.com/profile_images/1435704874059157513/T8p1O50Q_bigger.jpg,1135,1161,Crowe Fam,,,,,0,0,0,0,0
@sapphicspence,@sapphicspence,"<[2021-11-22T19:40:26.625Z, 2021-11-22T19:40:26.626Z]>",User,,,,,,,Mon May 03 20:28:26 EDT 2021,,,,Hiya! Gamer-bean streaming an assortment of games! Streams are always chill with good vibes all around. üéÆ,,http://pbs.twimg.com/profile_images/1391639550041018373/pERfsgUp_bigger.jpg,105,86,sapphicspence üåà,Canada,,,,0,0,0,0,0
@dayhochmanvigil,@dayhochmanvigil,,User,,,,,,,Sat Mar 31 11:47:40 EDT 2018,,,,New Mexico State Representative for House District 15 and Aviation & Space Law Attorney,,http://pbs.twimg.com/profile_images/1417106137535578117/rM0fauMu_bigger.jpg,293,1301,Rep. Day Hochman-Vigil,"Albuquerque, NM",,,,0,0,0,0,0
@newmexicoececd,@newmexicoececd,,User,,,,,,,Fri Jan 31 15:15:26 EST 2020,,,,Working to ensure that all New Mexican families and young children have equitable access to high-quality early childhood opportunities.,,http://pbs.twimg.com/profile_images/1292905982847262726/Eg1Ia6El_bigger.jpg,297,867,New Mexico Early Childhood Education and Care Dept,New Mexico,,,,0,0,0,0,0
@dwyerhs,@dwyerhs,,User,,,,,,,Mon Mar 27 20:11:04 EDT 2017,,,,The official Twitter account for William T. Dwyer High School. Go Panthers!,,http://pbs.twimg.com/profile_images/1373084999512113153/VZWfUgUP_bigger.jpg,237,1213,William T. Dwyer HS,"Palm Beach Gardens, FL",,,,0,0,0,0,0
@dwyeracademies,@dwyeracademies,,User,,,,,,,Thu Aug 25 19:30:44 EDT 2016,,,,"Academy of Finance, Construction Academy, Culinary Academy, Early Childhood Teacher Education Academy, and International Baccalaureate Programme",,http://pbs.twimg.com/profile_images/1144689374484992000/_vD8AlBA_bigger.jpg,117,312,DwyerAcademies,"Palm Beach Gardens, FL",,,,0,0,0,0,0
@kmov,@kmov,"<[2021-11-22T19:40:38.103Z, 2021-11-22T19:43:39.400Z]>",User,,,,,,,Thu Apr 02 14:29:07 EDT 2009,,,,"Bringing you the latest St. Louis news, weather, traffic and sports on your computer or mobile device. For more download the KMOV mobile app.",,http://pbs.twimg.com/profile_images/887782299890089984/9Cv09OjV_bigger.jpg,594,133020,KMOV,"St. Louis, MO",,,,0,0,0,0,0
@habitatstl,@habitatstl,"<[2021-11-22T19:40:38.103Z, 2021-11-22T19:43:39.400Z]>",User,,,,,,,Tue Nov 17 07:23:57 EST 2009,,,,Habitat for Humanity Saint Louis believes in a world where everyone has a decent place to live.,,http://pbs.twimg.com/profile_images/459336687248633856/539jM5Ke_bigger.jpeg,812,3977,Habitat for Humanity,"St. Louis, MO",,,,0,0,0,0,0
@tweetandearn13,@tweetandearn13,<[2021-11-22T19:40:49.997Z]>,User,,,,,,,Mon Jan 23 16:05:01 EST 2017,,,,DigiByte Lover and Hodler üòÄ,,http://pbs.twimg.com/profile_images/1295079280553140229/w6h1q2uh_bigger.jpg,155,470,Bo13,,,,,0,0,0,0,0
@realclelland,@realclelland,"<[2021-11-22T19:40:49.997Z, 2021-11-22T19:41:24.913Z, 2021-11-22T19:41:24.914Z, 2021-11-22T19:42:29.244Z, 2021-11-22T19:49:12.749Z, 2021-11-22T19:49:12.750Z, 2021-11-22T19:49:56.289Z, 2021-11-22T19:49:56.290Z]>",User,,,,,,,Sat Jan 05 13:14:23 EST 2019,,,,Father Husband Chief Executive Officer for Centric $CNR Futurist @CentricRise $CNS creating stability all opinions are mine,,http://pbs.twimg.com/profile_images/1432455283893174276/4BfsN9gV_bigger.jpg,5136,8399,@RealClelland,"Los Angeles, CA",,,,0,0,0,0,0
@centricrise,@centricrise,"<[2021-11-22T19:40:49.997Z, 2021-11-22T19:49:12.749Z, 2021-11-22T19:49:12.750Z]>",User,,,,,,,,,,,,,,,,,,,,,0,0,0,0,0
@astronautbtc,@astronautbtc,"<[2021-11-22T19:40:49.997Z, 2021-11-22T19:49:12.750Z]>",User,,,,,,,Fri Feb 02 07:14:48 EST 2018,,,,"#Bitcoin but also $VRA $RSR $TEL $ETH $DOT $FTM $ERN $CNS $EGLD",,http://pbs.twimg.com/profile_images/1434017335204098048/kAy1kwxV_bigger.jpg,427,6193,Astronaut Ó®Ä,Not financial advice,,,,0,0,0,0,0
@scirens,@scirens,,User,,,,,,,Tue Feb 25 19:36:21 EST 2014,,,,SCREEN SIRENS FOR SCIENCE. Join @tamarakrinsky + @tarynoneill on their quest to champion #STEM knowledge and #ClimateAction through entertainment. #ScirensShow,,http://pbs.twimg.com/profile_images/1460741307693895681/Y6v6Hv2L_bigger.jpg,933,5851,Scirens,Entangled,,,,0,0,0,0,0
@medialab,@medialab,<[2021-11-22T19:40:53.719Z]>,User,,,,,,,Mon Feb 25 22:06:21 EST 2008,,,,News from the MIT Media Lab,,http://pbs.twimg.com/profile_images/1160953974364577796/DI9EUQPs_bigger.jpg,1259,477421,MIT Media Lab,"Cambridge, Massachusetts",,,,0,0,0,0,0
@mitcities,@mitcities,<[2021-11-22T19:40:53.719Z]>,User,,,,,,,,,,,,,,,,,,,,,0,0,0,0,0
@1greekgodzeus,@1greekgodzeus,,User,,,,,,,Tue Sep 23 03:46:39 EDT 2008,,,,"Nonprofit CFO, Business Owner, Crypto Investor, Marine Veteran and $VGX Hero #174. Download the app in my Bio and use promo code 128F4D You‚Äôll thank me later!",,http://pbs.twimg.com/profile_images/1414989948353089541/JDOnbabp_bigger.jpg,389,1067,ZEUS üü£,"Chicago, IL",,,,0,0,0,0,0
@crypto_airborne,@crypto_airborne,,User,,,,,,,Sun Sep 23 20:27:51 EDT 2012,,,,"Ohio Pride! YouTuber! Army Combat Veteran! Crypto Enthusiast! 2500+ followers on TikTok! #Bitcoin #VGXHero (MAJ Winters, #115) $ADA",,http://pbs.twimg.com/profile_images/1422392937770627075/RVWF_Mnz_bigger.jpg,509,944,Crypto Airborne,,,,,0,0,0,0,0
@daviddiazs17,@daviddiazs17,<[2021-11-22T19:41:07.203Z]>,User,,,,,,,Mon May 27 17:52:16 EDT 2019,,,,"Lo √∫nico imposible es aquello que no intentas.
‚Ä¢ 21 üéÇ  
‚Ä¢ ‚öΩÔ∏èüèéÔ∏è",,http://pbs.twimg.com/profile_images/1274079039909703682/0IXow2Pq_bigger.jpg,546,49,David D√≠az Su√°rez,"Tarragona, Espa√±a",,,,0,0,0,0,0
@febhood,@febhood,<[2021-11-22T19:41:09.707Z]>,User,,,,,,,Tue May 08 08:21:26 EDT 2018,,,,"Light, Camera $ Action üé¨ | Award Winning Cinematographer. #WiseBlood 
 #SafeMoon #BTC  #BabyDogeCoin #MarsRise $BRISE  #xM",,http://pbs.twimg.com/profile_images/1462154682915295236/Q2hd4Tw0_bigger.jpg,2461,39083,B L E S S I N G,Feb-Filmz,,,,0,0,0,0,0
@xmooneytoken,@xmooneytoken,"<[2021-11-22T19:41:09.707Z, 2021-11-22T19:41:09.708Z, 2021-11-22T19:43:30.309Z, 2021-11-22T19:43:30.310Z, 2021-11-22T19:44:37.260Z, 2021-11-22T19:45:57.836Z, 2021-11-22T19:46:21.819Z, 2021-11-22T19:46:22.566Z, 2021-11-22T19:47:06.807Z, 2021-11-22T19:47:29.179Z, 2021-11-22T19:48:34.096Z]>",User,,,,,,,Mon May 17 17:59:04 EDT 2021,,,,"The Cryptocurrency of the xMooney Mining Network.
Creator/Developer: Jose ""Tech"" Risi (@gggoaaat)",,http://pbs.twimg.com/profile_images/1435842345820381187/yDcvUqio_bigger.jpg,30,3533,xMooney (xM) 21 Billion,xMooney,,,,0,0,0,0,0
@gggoaaat,@gggoaaat,"<[2021-11-22T19:41:09.708Z, 2021-11-22T19:44:37.260Z, 2021-11-22T19:45:57.836Z, 2021-11-22T19:46:21.819Z, 2021-11-22T19:46:22.566Z, 2021-11-22T19:47:06.807Z, 2021-11-22T19:48:34.096Z]>",User,,,,,,,,,,,,,,,,,,,,,0,0,0,0,0
@eps_jefferson,@eps_jefferson,<[2021-11-22T19:41:16.606Z]>,User,,,,,,,Wed Jul 31 00:14:44 EDT 2019,,,,"K-5 elementary school in Everett, Washington. Home to the Lighthouse Cooperative parent co-op program.",,http://pbs.twimg.com/profile_images/1156627249497399296/DBdSg1dW_bigger.jpg,154,264,Jefferson Elementary School - EPS,"Everett, WA",,,,0,0,0,0,0
@jfepta,@jfepta,<[2021-11-22T19:41:16.606Z]>,User,,,,,,,Wed May 09 19:07:31 EDT 2018,,,,,,http://pbs.twimg.com/profile_images/1341119600360996865/GR4b6q-C_bigger.jpg,27,43,Jefferson PTA,"Everett, WA",,,,0,0,0,0,0
@scholastic,@scholastic,<[2021-11-22T19:41:16.606Z]>,User,,,,,,,,,,,,,,,,,,,,,0,0,0,0,0
@centrician,@centrician,<[2021-11-22T19:41:24.913Z]>,User,,,,,,,Fri Jun 14 10:35:54 EDT 2013,,,,"Take some minutes to visit http://Centric.com and learn what Centric is all about. Trust me, you really want to be a part of this. $CNS $CNR",,http://pbs.twimg.com/profile_images/1449162934588952589/Ogxu-HB4_bigger.jpg,136,186,Proud Centric Investor,"Network Consensus ",,,,0,0,0,0,0
@tommybutcher,@tommybutcher,"<[2021-11-22T19:41:24.913Z, 2021-11-22T19:41:24.914Z, 2021-11-22T19:42:29.244Z, 2021-11-22T19:49:56.289Z, 2021-11-22T19:49:56.290Z]>",User,,,,,,,Sun Aug 23 20:10:09 EDT 2009,,,,"COO @CentricRise $CNS $CNR #CryptoTwitter #BSC - Opinions are mine! Not Financial Advice! üî•üî•üî•

Father, Husband - If you fall down get back up and keep going!",,http://pbs.twimg.com/profile_images/1395154144063852547/6pdgeOSs_bigger.jpg,1811,7787,Thomas Butcher,Texas,,,,0,0,0,0,0
@fibswap,@fibswap,"<[2021-11-22T19:41:24.913Z, 2021-11-22T19:41:24.914Z, 2021-11-22T19:42:29.244Z, 2021-11-22T19:49:56.289Z, 2021-11-22T19:49:56.290Z]>",User,,,,,,,,,,,,,,,,,,,,,0,0,0,0,0
@carlosperezs7,@carlosperezs7,<[2021-11-22T19:41:47.482Z]>,User,,,,,,,Wed Jul 05 15:05:56 EDT 2017,,,,,,http://pbs.twimg.com/profile_images/1277402807818125312/5Ii39zBM_bigger.jpg,141,179,Carlos Perez üé©,"Tarragona, Espa√±a",,,,0,0,0,0,0
@txcamo79,@txcamo79,<[2021-11-22T19:41:59.912Z]>,User,,,,,,,Thu Feb 04 13:55:32 EST 2021,,,,üíéüôåüèª ONLY,,http://pbs.twimg.com/profile_images/1457038343661887502/B1Ai-7A6_bigger.jpg,138,119,Melissa,United States,,,,0,0,0,0,0
@zephyre14_,@zephyre14_,<[2021-11-22T19:41:59.912Z]>,User,,,,,,,Wed Nov 10 21:31:15 EST 2021,,,,"IT specialist, gamer dad, general nerd. #Nobility Came for the crypto stayed for the community!",,http://pbs.twimg.com/profile_images/1460686655833219074/dQimj-B9_bigger.jpg,47,38,Zephyre14,,,,,0,0,0,0,0
@mysty310,@mysty310,<[2021-11-22T19:42:13.194Z]>,User,,,,,,,Fri Oct 22 17:23:44 EDT 2021,,,,artistic weeb degen that likes food. I guess I am a vtuber or like art design.,,http://pbs.twimg.com/profile_images/1451662104113528833/4fnKwswd_bigger.jpg,42,28,Mysty,United States,,,,0,0,0,0,0
@nftcommunitty,@nftcommunitty,<[2021-11-22T19:42:13.194Z]>,User,,,,,,,,,,,,,,,,,,,,,0,0,0,0,0
@gokupower69,@gokupower69,<[2021-11-22T19:42:16.074Z]>,User,,,,,,,Mon Jul 20 07:50:50 EDT 2015,,,,Stay Strong Just HODL!,,http://pbs.twimg.com/profile_images/1385936828755333126/xJINyRt3_bigger.jpg,47,13,Dave,Republic of Slovenia,,,,0,0,0,0,0
@johelcastillov,@johelcastillov,<[2021-11-22T19:42:17.923Z]>,User,,,,,,,Sun Nov 02 22:33:36 EST 2014,,,,,,http://pbs.twimg.com/profile_images/1461229177072455684/R82RUsfi_bigger.jpg,133,3,Johel Castillo,Peru,,,,0,0,0,0,0
@banburyrufc,@banburyrufc,<[2021-11-22T19:42:28.907Z]>,User,,,,,,,Sat Dec 10 05:34:31 EST 2011,,,,"Home of The Bulls - RUGBY FOR ALL, #ONECLUB http://facebook.com/BanburyRugbyCl‚Ä¶  #COYB",,http://pbs.twimg.com/profile_images/1195064466028797952/TaADapff_bigger.jpg,295,2478,Banbury Rugby Club,Bodicote Park,,,,0,0,0,0,0
@whitleystimpson,@whitleystimpson,<[2021-11-22T19:42:28.907Z]>,User,,,,,,,Mon Jul 11 11:37:19 EDT 2011,,,,"With a track record spanning over 90 years, Whitley Stimpson, Chartered Accountants and Business Advisors will work with you to achieve your aims.",,http://pbs.twimg.com/profile_images/1414592510094159879/x1fuq8h7_bigger.png,2239,1714,Whitley Stimpson,Oxfordshire & Buckinghamshire,,,,0,0,0,0,0
@hermitthefob1,@hermitthefob1,<[2021-11-22T19:42:29.244Z]>,User,,,,,,,Fri Nov 06 18:47:12 EST 2020,,,,hermit man,,http://pbs.twimg.com/profile_images/1441819254483927051/3tRNBwsh_bigger.jpg,150,23,freeblue G,,,,,0,0,0,0,0
@artemhere,@artemhere,<[2021-11-22T19:43:19.517Z]>,User,,,,,,,Fri Nov 01 17:46:36 EDT 2019,,,,Bitcoin ETH Inx limited CVC Loom Golem b20 Hoge Dash,,http://pbs.twimg.com/profile_images/1422404374056382488/mWdeb2Tv_bigger.jpg,117,40,CryptoScienceChairman,,,,,0,0,0,0,0
@hogefinance,@hogefinance,"<[2021-11-22T19:43:19.517Z, 2021-11-22T19:43:23.294Z, 2021-11-22T19:43:41.285Z, 2021-11-22T19:43:44.638Z, 2021-11-22T19:44:07.026Z, 2021-11-22T19:44:13.603Z, 2021-11-22T19:44:24.575Z, 2021-11-22T19:45:32.862Z, 2021-11-22T19:45:56.135Z, 2021-11-22T19:46:02.363Z, 2021-11-22T19:46:02.515Z, 2021-11-22T19:46:08.844Z, 2021-11-22T19:46:23.654Z, 2021-11-22T19:46:33.260Z, 2021-11-22T19:46:39.118Z, 2021-11-22T19:46:56.604Z, 2021-11-22T19:46:57.846Z, 2021-11-22T19:47:27.355Z, 2021-11-22T19:47:34.573Z, 2021-11-22T19:47:46.480Z, 2021-11-22T19:48:02.187Z, 2021-11-22T19:48:23.868Z, 2021-11-22T19:49:12.067Z, 2021-11-22T19:49:44.963Z]>",User,,,,,,,Mon Feb 08 22:54:32 EST 2021,,,,A legally recognized nonprofit DAO-Hybrid through @hogeassociation. Bridging the gap between DeFi and education through @hogeuniversity.,,http://pbs.twimg.com/profile_images/1391790668662677506/aGDRw51w_bigger.jpg,125,68713,HOGE,"Zug, Switzerland",,,,0,0,0,0,0
@krishgamer33,@krishgamer33,<[2021-11-22T19:43:20.909Z]>,User,,,,,,,Wed Apr 29 16:12:51 EDT 2020,,,,Creador de contenido Gamer sigueme en mis redes sociales como Krish Gamer /Youtube/Facebook  ;),,http://pbs.twimg.com/profile_images/1255591070764879872/0b1TyPOs_bigger.jpg,226,19,Krishgamer33,,,,,0,0,0,0,0
@blessed2express,@blessed2express,<[2021-11-22T19:43:23.294Z]>,User,,,,,,,Thu Apr 16 13:09:55 EDT 2020,,,,,,http://pbs.twimg.com/profile_images/1447278211692470274/9x8xt0NA_bigger.jpg,60,118,Blessed,,,,,0,0,0,0,0
@cryptobooty69,@cryptobooty69,<[2021-11-22T19:43:30.309Z]>,User,,,,,,,Fri Feb 26 20:51:04 EST 2021,,,,"#Dogecoin üêï #SHIB NFA #Hbar #xMooneyToken #ETH #NFTs #BTC https://www.xmooneytoken.com/",,http://pbs.twimg.com/profile_images/1462868198953349120/8c3JWZk4_bigger.jpg,2232,4971,CryptoBooty69.eth üëΩü¶Åüëë LisaJo,NFTland,,,,0,0,0,0,0
@fernetti_,@fernetti_,"<[2021-11-22T19:43:30.310Z, 2021-11-22T19:47:29.179Z]>",User,,,,,,,,,,,,,,,,,,,,,0,0,0,0,0
@marianmme16513,@marianmme16513,<[2021-11-22T19:43:39.400Z]>,User,,,,,,,Fri Jul 06 19:26:30 EDT 2012,,,,"RN. Oh to eat everything in town. Go Cardinals! Oh, joy, thank	God for food trucks ! Enjoy the brew & music.",,http://pbs.twimg.com/profile_images/773251851856842752/r4NobO-0_bigger.jpg,4982,3746,Marian Moore,"Quad Cities        ",,,,0,0,0,0,0
@dennisbrvd,@dennisbrvd,<[2021-11-22T19:43:41.169Z]>,User,,,,,,,Thu Oct 21 19:01:03 EDT 2021,,,,"NFT Collector, working my way into the Crypto / NFT World...",,http://pbs.twimg.com/profile_images/1453131713987678208/khIz4bc-_bigger.jpg,2000,822,Dennis,,,,,0,0,0,0,0
@frysodry1,@frysodry1,"<[2021-11-22T19:43:41.169Z, 2021-11-22T19:43:43.625Z]>",User,,,,,,,Mon Feb 01 20:02:16 EST 2021,,,,"#ufc #crypto #nftcreator nft collection - https://rarible.com/user/0x8182ed4284c12f8a0c799812a6e3c59141ec5eec?tab=onsale",,http://pbs.twimg.com/profile_images/1461439507404894209/kX099tjP_bigger.jpg,134,95,frysodry,"Lisboa, Portugal",,,,0,0,0,0,0
@florinkpo,@florinkpo,<[2021-11-22T19:43:41.285Z]>,User,,,,,,,Tue Feb 02 17:22:02 EST 2021,,,,"All about business , all about crypto ! Co-founder of Hoge Association  @HogeFinance",,http://pbs.twimg.com/profile_images/1415621820980645889/9DdWjhOw_bigger.jpg,277,2096,Florin,,,,,0,0,0,0,0
@pablo35836195,@pablo35836195,<[2021-11-22T19:43:41.479Z]>,User,,,,,,,Thu Oct 28 08:20:21 EDT 2021,,,,,,http://abs.twimg.com/sticky/default_profile_images/default_profile_bigger.png,2,0,pablo,,,,,0,0,0,0,0
@disastrousbat,@disastrousbat,<[2021-11-22T19:43:43.625Z]>,User,,,,,,,Sun Oct 24 03:27:11 EDT 2021,,,,NFT collector looking for some ultra rares.....LFG!!! üî•ü§òüèΩ,,http://pbs.twimg.com/profile_images/1452174862861041669/4mQMsk6s_bigger.jpg,2001,357,David Batsey,Morocan,,,,0,0,0,0,0
@mysteriousguy68,@mysteriousguy68,<[2021-11-22T19:43:44.638Z]>,User,,,,,,,Fri Jan 29 11:29:01 EST 2021,,,,,,http://pbs.twimg.com/profile_images/1402127251638915072/MuoDGqZh_bigger.jpg,164,141,CRYPTO BOND,,,,,0,0,0,0,0
@lc092k,@lc092k,<[2021-11-22T19:44:07.026Z]>,User,,,,,,,Sun Jul 07 20:01:45 EDT 2019,,,,,,http://pbs.twimg.com/profile_images/1160306484082806784/Sm4NergN_bigger.jpg,556,309,LC092K GIANT VOICE,United States,,,,0,0,0,0,0
@powellz13,@powellz13,<[2021-11-22T19:44:13.603Z]>,User,,,,,,,Sat Oct 31 23:03:09 EDT 2015,,,,,,http://pbs.twimg.com/profile_images/1426680002725269510/JcbcwUA1_bigger.jpg,231,80,JP,,,,,0,0,0,0,0
@jimmywhiteiv1,@jimmywhiteiv1,<[2021-11-22T19:44:16.936Z]>,User,,,,,,,Thu Nov 08 21:05:45 EST 2018,,,,Navy Submarine Veteran trying to show the world that Character Does Matter #ifnotmethenwho,,http://pbs.twimg.com/profile_images/1083849402010226688/m1uiOjmX_bigger.jpg,264,132,Jimmywhiteiv,,,,,0,0,0,0,0
@welovephilly,@welovephilly,<[2021-11-22T19:44:16.936Z]>,User,,,,,,,,,,,,,,,,,,,,,0,0,0,0,0
@hoge_forever,@hoge_forever,<[2021-11-22T19:44:24.575Z]>,User,,,,,,,Fri Jan 10 05:39:40 EST 2014,,,,Hoge to the moon  üöÄüöÄüöÄüöÄ,,http://pbs.twimg.com/profile_images/1369251261317607427/DpgUfz1U_bigger.jpg,148,2864,Hoge Crypto,Paris,,,,0,0,0,0,0
@julie_ann55,@julie_ann55,,User,,,,,,,Fri Sep 06 11:58:05 EDT 2019,,,,"Born and raised in Michigan. Mother, wife and Grandma who is known in the family as the best baker, love gardening, art, and soap making. Doge to the moon.",,http://pbs.twimg.com/profile_images/1461436567608872966/EmgOoSVB_bigger.jpg,339,224,Julie,,,,,0,0,0,0,0
@jonatha64110902,@jonatha64110902,<[2021-11-22T19:44:38.484Z]>,User,,,,,,,Mon Aug 16 13:46:53 EDT 2021,,,,,,http://abs.twimg.com/sticky/default_profile_images/default_profile_bigger.png,34,1,jonathan,,,,,0,0,0,0,0
@nadia_sethi,@nadia_sethi,<[2021-11-22T19:44:48.204Z]>,User,,,,,,,Fri Sep 06 13:38:04 EDT 2019,,,,ALS we are coming for you.,,http://pbs.twimg.com/profile_images/1170028980919029761/cRdHL7f8_bigger.jpg,1029,1137,Nadia Sethi (she/her),,,,,0,0,0,0,0
@dccolab_,@dccolab_,"<[2021-11-22T19:44:48.204Z, 2021-11-22T19:45:55.596Z]>",User,,,,,,,Fri Sep 10 23:24:11 EDT 2021,,,,Home of @dccollaborative Community Collaboration & Data Initiatives #community #data #collaboration #artsed #collectiveimpact #dc,,http://pbs.twimg.com/profile_images/1436531163410096129/4OL62BaZ_bigger.jpg,408,12,DC Co-lab,"Washington, DC",,,,0,0,0,0,0
@ryansmom2,@ryansmom2,"<[2021-11-22T19:44:48.204Z, 2021-11-22T19:45:55.596Z]>",User,,,,,,,,,,,,,,,,,,,,,0,0,0,0,0
@ubclfs,@ubclfs,<[2021-11-22T19:44:54.491Z]>,User,,,,,,,Tue Apr 21 02:42:24 EDT 2009,,,,"Grounded in science, global in scope: the Faculty of Land & Food Systems at UBC. 

#ubcLFS #UBC #agriculture #soil #water #nutrition #dietetics #research",,http://pbs.twimg.com/profile_images/885932379826671616/cZVj3L-k_bigger.jpg,2441,5792,UBC Land & Food Systems,"Vancouver, BC",,,,0,0,0,0,0
@ubcgrs,@ubcgrs,<[2021-11-22T19:44:54.491Z]>,User,,,,,,,Fri Nov 08 15:36:12 EST 2019,,,,Global Resource Systems is a student-centred BSc program within @ubclfs that helps students gain a global understanding of natural and agricultural resources.,,http://pbs.twimg.com/profile_images/1192903981984432128/3wu3hiDc_bigger.png,156,112,UBC Global Resource Systems,"Vancouver, BC",,,,0,0,0,0,0
@vancouverfdn,@vancouverfdn,<[2021-11-22T19:44:54.491Z]>,User,,,,,,,,,,,,,,,,,,,,,0,0,0,0,0
@thatcherzoella9,@thatcherzoella9,<[2021-11-22T19:45:05.716Z]>,User,,,,,,,Sun Dec 25 06:36:24 EST 2016,,,,Music YouTube Pop UK Top 40 Vloggers,,http://pbs.twimg.com/profile_images/968006946702979072/DtknzLdF_bigger.jpg,144,17,Niamh Fisher üè≥Ô∏è‚Äçüåà üíú,,,,,0,0,0,0,0
@dalvinder_jammu,@dalvinder_jammu,<[2021-11-22T19:45:05.716Z]>,User,,,,,,,Wed Oct 20 07:14:27 EDT 2021,,,,"Service Manager for H4All CIO, an innovative Hillingdon based charity working in partnership with the NHS to develop and deliver collaborative services.",,http://pbs.twimg.com/profile_images/1450798366020014087/0zgUS6_J_bigger.jpg,53,32,Dalvinder Jammu,,,,,0,0,0,0,0
@hillingdonnhsft,@hillingdonnhsft,<[2021-11-22T19:45:05.716Z]>,User,,,,,,,,,,,,,,,,,,,,,0,0,0,0,0
@h4all_charity,@h4all_charity,<[2021-11-22T19:45:05.716Z]>,User,,,,,,,,,,,,,,,,,,,,,0,0,0,0,0
@andres080359,@andres080359,<[2021-11-22T19:45:12.355Z]>,User,,,,,,,Wed Aug 11 14:45:13 EDT 2021,,,,Crypto Gaming,,http://pbs.twimg.com/profile_images/1425529156658466822/MgpolTHL_bigger.jpg,103,7,Andres,,,,,0,0,0,0,0
@alomgir25022488,@alomgir25022488,<[2021-11-22T19:45:26.422Z]>,User,,,,,,,Wed Jun 23 11:12:52 EDT 2021,,,,Nothing to say,,http://pbs.twimg.com/profile_images/1407718863605702658/A4YiuOWQ_bigger.jpg,289,8,Alomgir,,,,,0,0,0,0,0
@pandainu21,@pandainu21,"<[2021-11-22T19:45:26.422Z, 2021-11-22T19:46:39.724Z]>",User,,,,,,,Tue Aug 03 06:07:13 EDT 2021,,,,Pandainu A Unique Decentralized Finance Meme tokens that grew into a Vibrant Dapp Wallet Ecosystem.,,http://pbs.twimg.com/profile_images/1428624207726870530/adLFo6zj_bigger.jpg,32,22444,Pandainu,,,,,0,0,0,0,0
@mmndez10,@mmndez10,<[2021-11-22T19:45:28.279Z]>,User,,,,,,,Sun Jun 06 06:04:22 EDT 2021,,,,(·¥Ñ Ä è·¥ò·¥õ·¥è ·¥Ä·¥Ö·¥Ö…™·¥Ñ·¥õ·¥á·¥Ö) !‚Ñïùï† ‚Ñôùïíùï°ùï°ùïñùï£ ‚Ñçùïíùïüùï§¬°  *ùîªùïêùïÜ‚Ñù*,,http://pbs.twimg.com/profile_images/1401480734527922178/bqOOBoxB_bigger.jpg,68,2,M.M√©ndez,,,,,0,0,0,0,0
@hogeaustria,@hogeaustria,<[2021-11-22T19:45:32.862Z]>,User,,,,,,,Wed Nov 10 12:08:43 EST 2021,,,,"$HOGE Finance Austria l
Alle Informationen, News und Updates!",,http://pbs.twimg.com/profile_images/1462469811062116357/6u9E0itg_bigger.jpg,107,99,Hoge Finance Austria,√ñsterreich,,,,0,0,0,0,0
@rontolosab,@rontolosab,<[2021-11-22T19:45:44.067Z]>,User,,,,,,,Tue Feb 17 10:16:54 EST 2015,,,,,,http://abs.twimg.com/sticky/default_profile_images/default_profile_bigger.png,75,4,Ronal,,,,,0,0,0,0,0
@dc__movers,@dc__movers,<[2021-11-22T19:45:55.596Z]>,User,,,,,,,Mon Nov 26 17:22:57 EST 2012,,,,Residential & Commercial furniture assembly - moving  - Installation - junk furniture removal - in Washington DC - Maryland - Virginia - CALL 240-714-3649,,http://pbs.twimg.com/profile_images/1178081701332946946/y2J3Da6x_bigger.jpg,153091,39874,Furniture Assembly Experts - DC MD VA Baltimore,"Washington, DC - VA - Maryland",,,,0,0,0,0,0
@mark_crypto20,@mark_crypto20,<[2021-11-22T19:45:56.135Z]>,User,,,,,,,Tue May 04 13:16:33 EDT 2021,,,,Hodl Hoge like your life depends on it,,http://pbs.twimg.com/profile_images/1425528942866411521/OOyQvRqb_bigger.jpg,97,55,Bayfield,,,,,0,0,0,0,0
@champagne_air,@champagne_air,<[2021-11-22T19:46:02.363Z]>,User,,,,,,,Sun Jun 06 12:33:59 EDT 2021,,,,idgd_isgd,,http://pbs.twimg.com/profile_images/1401870726232223748/k68cn38u_bigger.jpg,132,94,Champagne Air,,,,,0,0,0,0,0
@bbossimus,@bbossimus,<[2021-11-22T19:46:02.515Z]>,User,,,,,,,Mon May 17 08:42:12 EDT 2021,,,,"Seeing my life change completely in a positive way, and by helping others see myself grow more than I didn't even dream of !",,http://abs.twimg.com/sticky/default_profile_images/default_profile_bigger.png,167,23,Boss Petit,,,,,0,0,0,0,0
@dominic94080127,@dominic94080127,<[2021-11-22T19:46:08.844Z]>,User,,,,,,,Wed Feb 10 12:33:20 EST 2021,,,,https://hoge.finance,,http://pbs.twimg.com/profile_images/1401541874998034433/PfpC2HKX_bigger.jpg,47,100,HOGE Connoisseur,,,,,0,0,0,0,0
@bem_bird,@bem_bird,<[2021-11-22T19:46:11.455Z]>,User,,,,,,,Tue May 26 12:49:45 EDT 2020,,,,Proud to be a @Coopuk member pioneer for 6 stores in Milton Keynes and excited to be making a difference in these local communities.,,http://pbs.twimg.com/profile_images/1265324555863822339/jF_p7PVX_bigger.jpg,786,516,Trudie Member Pioneer,"Milton Keynes, England",,,,0,0,0,0,0
@yismentalhealth,@yismentalhealth,<[2021-11-22T19:46:11.455Z]>,User,,,,,,,,,,,,,,,,,,,,,0,0,0,0,0
@mkactcharity,@mkactcharity,<[2021-11-22T19:46:11.455Z]>,User,,,,,,,,,,,,,,,,,,,,,0,0,0,0,0
@nickolastweet,@nickolastweet,<[2021-11-22T19:46:11.601Z]>,User,,,,,,,Fri Jul 10 09:03:29 EDT 2020,,,,I am still learning. -Michelangelo,,http://pbs.twimg.com/profile_images/1460286576987099136/ljWoruHy_bigger.jpg,85,43,Nickolas,,,,,0,0,0,0,0
@lealhistorybuff,@lealhistorybuff,<[2021-11-22T19:46:16.529Z]>,User,,,,,,,Fri Aug 12 16:49:50 EDT 2016,,,,"History teacher, MS in Social Studies Curriculum",,http://pbs.twimg.com/profile_images/764215731839991808/8ib3elUv_bigger.jpg,155,101,Andrea Maurer Leal,,,,,0,0,0,0,0
@gulliverprep_,@gulliverprep_,<[2021-11-22T19:46:16.529Z]>,User,,,,,,,,,,,,,,,,,,,,,0,0,0,0,0
@esopofabuloso,@esopofabuloso,"<[2021-11-22T19:46:21.604Z, 2021-11-22T19:50:03.615Z]>",User,,,,,,,Mon May 17 13:50:43 EDT 2010,,,,"Trabajadora, no olvido mis ra√≠ces, madre y padre ejemplar, buena administradora, tomo siempre lo + de lo - y :¬∑) CREO EN LA EXISTENCIA DE DIOS Y EN EL AMOR.",,http://pbs.twimg.com/profile_images/3763991114/db7b081548c5e1cef89d53cefd10439d_bigger.jpeg,260,34,Gladys Millan,GUAYANESA DE CORAZON,,,,0,0,0,0,0
@projectreddtw,@projectreddtw,<[2021-11-22T19:46:21.604Z]>,User,,,,,,,Tue Aug 04 01:45:17 EDT 2020,,,,Redd is a digital currency that aims to bring value back to humanity and social interaction.,,http://pbs.twimg.com/profile_images/1310441276609835008/D9INIdQM_bigger.jpg,202,4390,Project Redd Official,,,,,0,0,0,0,0
@rdd_music,@rdd_music,,User,,,,,,,Sat Nov 07 09:47:32 EST 2020,,,,Redd Team | Visit https://ReddCoin.com | Redd | The Social Currency | $RDD | #RDD | #ReddCoin,,http://pbs.twimg.com/profile_images/1325087708952326145/Q8Xx3b7Y_bigger.jpg,11,465,Redd_Music,,,,,0,0,0,0,0
@sarahbowbarah1,@sarahbowbarah1,"<[2021-11-22T19:46:21.819Z, 2021-11-22T19:47:29.179Z]>",User,,,,,,,Sat Aug 24 21:43:54 EDT 2019,,,,üåôüíé‚≠ïÔ∏è Hi it‚Äôs Sarah. Crypto obsessed. ‚≠ïÔ∏èüíéüåô üí≤üí∞xMooney Miner ‚öíÔ∏è üëΩü•∑$PAC Masternode Operator üê∫,,http://pbs.twimg.com/profile_images/1461359376317313038/nfbgqvXJ_bigger.jpg,764,4622,Sarah,"Michigan, USA",,,,0,0,0,0,0
@zuhairpre,@zuhairpre,<[2021-11-22T19:46:22.566Z]>,User,,,,,,,Wed Jan 06 09:34:45 EST 2010,,,,crypto‚Äôs market #DOGE #XRP I mine with #xMooneycoin #Safemoon #PACProtocol master node hodler #HarmonyONE,,http://pbs.twimg.com/profile_images/1461816038908178438/mIy-VYUx_bigger.jpg,881,497,Zuhair xMooney_hodler,"KS-From Saudi Arabia ",,,,0,0,0,0,0
@unterkupfer,@unterkupfer,<[2021-11-22T19:46:23.654Z]>,User,,,,,,,Thu Apr 15 05:00:16 EDT 2021,,,,What's that $HOGE everyone's talking about? #HOGEeverywhere,,http://pbs.twimg.com/profile_images/1453774930458333186/mATTqkw-_bigger.jpg,60,14,Unterkupfer,,,,,0,0,0,0,0
@weidhaasingo,@weidhaasingo,<[2021-11-22T19:46:33.260Z]>,User,,,,,,,Fri Jan 29 08:23:18 EST 2021,,,,Kochen,,http://pbs.twimg.com/profile_images/1441431253539074048/wDSnFP5P_bigger.jpg,108,61,Cooking HOGE,,,,,0,0,0,0,0
@lucasscott88,@lucasscott88,<[2021-11-22T19:46:39.118Z]>,User,,,,,,,Mon Feb 08 12:50:04 EST 2021,,,,,,http://pbs.twimg.com/profile_images/1358837703677251591/vKN2I30w_bigger.jpg,96,57,Lucas Scott,,,,,0,0,0,0,0
@sharmin03304799,@sharmin03304799,<[2021-11-22T19:46:39.724Z]>,User,,,,,,,Sat Oct 16 04:38:42 EDT 2021,,,,i don't know about myself.,,http://pbs.twimg.com/profile_images/1450485756569722880/xhwdgBJ2_bigger.jpg,107,5,Rakibul Islam,,,,,0,0,0,0,0
@cryptomaniac026,@cryptomaniac026,<[2021-11-22T19:46:41.869Z]>,User,,,,,,,Wed Feb 06 22:24:19 EST 2013,,,,"#1 Place for VeVe Ecomi Chatter
Follow me on #VeVe  User Cryptomaniac
Long-time Collector and Entrepreneur 
@TCU Go Frogs !!
The500 üíéüíéüíé",,http://pbs.twimg.com/profile_images/1461851742203789325/gVlVdjjE_bigger.jpg,426,3897,Crypt‚≠ïmaniac DCON-OG,,,,,0,0,0,0,0
@veve_official,@veve_official,<[2021-11-22T19:46:41.869Z]>,User,,,,,,,,,,,,,,,,,,,,,0,0,0,0,0
@ecomi_,@ecomi_,<[2021-11-22T19:46:41.869Z]>,User,,,,,,,,,,,,,,,,,,,,,0,0,0,0,0
@thecryptocrip1,@thecryptocrip1,<[2021-11-22T19:46:41.869Z]>,User,,,,,,,Tue Sep 14 18:35:46 EDT 2021,,,,Prolific‚Ä¶.so gifted‚Ä¶. here for VeVe Nftsüî•üî•üî•üî•,,http://pbs.twimg.com/profile_images/1455387051252084740/HH0vYQJg_bigger.jpg,289,280,TheCryptoCrip‚≠ïÔ∏è,"San Diego, CA",,,,0,0,0,0,0
@blayne406,@blayne406,<[2021-11-22T19:46:45.258Z]>,User,,,,,,,Tue Feb 21 19:19:47 EST 2017,,,,"Faith, family, and friends... the sweet spot, the small of a woman's back, and I believe in long, slow, deep, soft, wet kisses that last three days.",,http://pbs.twimg.com/profile_images/1058735513367126016/kz3_-wRM_bigger.jpg,141,54,Blayne,"Miles City, MT",,,,0,0,0,0,0
@elwenchomusic,@elwenchomusic,"<[2021-11-22T19:46:45.258Z, 2021-11-22T19:48:36.554Z]>",User,,,,,,,Wed Dec 05 16:18:23 EST 2012,,,,"John McLellan and Josh Keehr of Bozeman, MT. perform as a duo known as El Wencho. Energetic, Entertaining, and Eclectic! https://youtu.be/-gmY4bSy1tE",,http://pbs.twimg.com/profile_images/1325670912591425537/8ND3keZJ_bigger.jpg,4090,1230,üé∂EL WENCHOüé∂,"Bozeman, Montana",,,,0,0,0,0,0
@cryptoalts2,@cryptoalts2,<[2021-11-22T19:46:57.846Z]>,User,,,,,,,Mon May 10 09:51:44 EDT 2021,,,,üê∂,,http://pbs.twimg.com/profile_images/1393379469247893506/DVsz6ZmC_bigger.jpg,313,111,HOGEMEMEIAN DEVIL,,,,,0,0,0,0,0
@hogeisking,@hogeisking,<[2021-11-22T19:46:56.604Z]>,User,,,,,,,Sat Jun 15 13:37:14 EDT 2019,,,,Hoge! #WeAreAllDevs in this space. Anybody can create. #WeAreInevitable Soon we will cover the capabilities of the entire crypto space üíéüôåüèº,,http://pbs.twimg.com/profile_images/1462155447616425987/FM3KNYTE_bigger.jpg,103,67,King Hoge,,,,,0,0,0,0,0
@jahandidehehsan,@jahandidehehsan,<[2021-11-22T19:47:06.675Z]>,User,,,,,,,Tue May 04 06:34:46 EDT 2021,,,,,,http://abs.twimg.com/sticky/default_profile_images/default_profile_bigger.png,61,37,Ehsan Jahandideh,,,,,0,0,0,0,0
@oyorralegna91,@oyorralegna91,<[2021-11-22T19:47:06.807Z]>,User,,,,,,,Wed Aug 05 19:03:32 EDT 2015,,,,üôã‚Äç‚ôÇÔ∏èhave #patience. #crypto #to the moon #peace&love #nfa #DYR üìàüìâüíé‚úã#motivation,,http://pbs.twimg.com/profile_images/1462700332199268353/q3tg6D7x_bigger.jpg,122,474,√Öngelü•∑üèΩüëΩ,"Star command base ",,,,0,0,0,0,0
@tokenainu,@tokenainu,"<[2021-11-22T19:47:19.479Z, 2021-11-22T19:48:21.680Z, 2021-11-22T19:49:10.033Z, 2021-11-22T19:49:32.872Z, 2021-11-22T19:49:32.873Z]>",User,,,,,,,Fri Aug 20 11:49:23 EDT 2021,,,,AINU Token is a BEP20 token that is an automatic liquidity-providing protocol that gives out static rewards (5% of each tx) to HODLers while deflating,,http://pbs.twimg.com/profile_images/1428746043789824004/mmhERT2N_bigger.jpg,508,16098,Ainu Token,,,,,0,0,0,0,0
@wazirxcares,@wazirxcares,"<[2021-11-22T19:47:19.479Z, 2021-11-22T19:48:21.680Z, 2021-11-22T19:49:10.033Z, 2021-11-22T19:49:32.872Z, 2021-11-22T19:49:32.873Z]>",User,,,,,,,,,,,,,,,,,,,,,0,0,0,0,0
@cryptorelief_,@cryptorelief_,"<[2021-11-22T19:47:19.479Z, 2021-11-22T19:48:21.680Z, 2021-11-22T19:49:10.033Z, 2021-11-22T19:49:32.873Z]>",User,,,,,,,,,,,,,,,,,,,,,0,0,0,0,0
@nischalshetty,@nischalshetty,"<[2021-11-22T19:47:19.479Z, 2021-11-22T19:48:21.680Z, 2021-11-22T19:49:10.033Z, 2021-11-22T19:49:32.873Z]>",User,,,,,,,,,,,,,,,,,,,,,0,0,0,0,0
@buddhasource,@buddhasource,"<[2021-11-22T19:47:19.479Z, 2021-11-22T19:48:21.680Z, 2021-11-22T19:49:10.033Z, 2021-11-22T19:49:32.873Z]>",User,,,,,,,,,,,,,,,,,,,,,0,0,0,0,0
@wazirxindia,@wazirxindia,"<[2021-11-22T19:47:19.479Z, 2021-11-22T19:48:21.680Z, 2021-11-22T19:49:10.033Z, 2021-11-22T19:49:32.873Z]>",User,,,,,,,,,,,,,,,,,,,,,0,0,0,0,0
@itsnieom,@itsnieom,<[2021-11-22T19:47:24.813Z]>,User,,,,,,,Tue Sep 07 21:38:26 EDT 2021,,,,$BTC IS THE FUTURE,,http://pbs.twimg.com/profile_images/1443229501459247106/USASGjJZ_bigger.jpg,69,24,MOEIN,üåô,,,,0,0,0,0,0
@natasha35666,@natasha35666,<[2021-11-22T19:47:24.813Z]>,User,,,,,,,,,,,,,,,,,,,,,0,0,0,0,0
@cz_binance,@cz_binance,<[2021-11-22T19:47:24.813Z]>,User,,,,,,,,,,,,,,,,,,,,,0,0,0,0,0
@tsukiversetoken,@tsukiversetoken,<[2021-11-22T19:47:24.813Z]>,User,,,,,,,,,,,,,,,,,,,,,0,0,0,0,0
@hogegermany,@hogegermany,<[2021-11-22T19:47:27.355Z]>,User,,,,,,,Wed Mar 31 06:53:16 EDT 2021,,,,"Officiall german account for Hoge
http://t.me/joinchat/AjvI7‚Ä¶",,http://pbs.twimg.com/profile_images/1460942291145736194/jRUcACM6_bigger.jpg,762,973,Hoge Finance Germany üá©üá™,Deutschland,,,,0,0,0,0,0
@funkybrown111,@funkybrown111,<[2021-11-22T19:47:34.573Z]>,User,,,,,,,Sat Jan 06 19:22:23 EST 2018,,,,Independent Media Artist ‚Ä¢ VeeJay ‚Ä¢ VFX ‚Ä¢ Psychedelic Art ‚Ä¢ NFT Creator,,http://pbs.twimg.com/profile_images/1400956166415470592/6OO3N53t_bigger.jpg,274,348,Mischlichter,,,,,0,0,0,0,0
@aijiafan,@aijiafan,<[2021-11-22T19:47:37.724Z]>,User,,,,,,,Mon Aug 23 23:20:05 EDT 2021,,,,A modern event ticketing and digital collectible experience. More than a moment. Building on @CeloOrg.,,http://pbs.twimg.com/profile_images/1430007026646650885/vN-n7zYB_bigger.jpg,185,51,Aijia,,,,,0,0,0,0,0
@dragossebastian,@dragossebastian,<[2021-11-22T19:47:46.480Z]>,User,,,,,,,Mon Mar 26 03:51:16 EDT 2012,,,,,,http://pbs.twimg.com/profile_images/1394586335369908227/JOIZY7j9_bigger.jpg,1720,379,dragos sebastian,romania,,,,0,0,0,0,0
@johnny_prd,@johnny_prd,<[2021-11-22T19:48:02.187Z]>,User,,,,,,,Wed Dec 12 02:28:49 EST 2018,,,,,,http://pbs.twimg.com/profile_images/1404355897607045120/xKCkSHje_bigger.jpg,99,363,promo2offers,,,,,0,0,0,0,0
@vicentesalesdid,@vicentesalesdid,<[2021-11-22T19:48:02.933Z]>,User,,,,,,,Sat Feb 25 12:16:16 EST 2012,,,,,,http://pbs.twimg.com/profile_images/1404457570740412416/Nxba-Y5V_bigger.jpg,78,15,Vicent,Valencia,,,,0,0,0,0,0
@booksyapp,@booksyapp,<[2021-11-22T19:48:05.844Z]>,User,,,,,,,Mon Feb 10 21:07:51 EST 2014,,,,"Switch to better booking. üì≤
Loved by barbers and hairstylists ‚úÇÔ∏è Perfect for nail artists, make-up artists, tattooists, and PTs. Android, iOS",,http://pbs.twimg.com/profile_images/1410689331292000258/PGnscDSD_bigger.jpg,1474,1609,booksyapp,üåé,,,,0,0,0,0,0
@arod23pr,@arod23pr,<[2021-11-22T19:48:05.844Z]>,User,,,,,,,,,,,,,,,,,,,,,0,0,0,0,0
@molevalleylab,@molevalleylab,<[2021-11-22T19:48:14.921Z]>,User,,,,,,,Thu Nov 05 06:33:03 EST 2015,,,,This is the Twitter account of a socialist living in Mole Valley. Follow for up-to-date news and information about national and local issues.,,http://pbs.twimg.com/profile_images/871377272825106432/bNWhfZc8_bigger.jpg,1033,1238,Mole Valley Politics,,,,,0,0,0,0,0
@epsomfoodbank,@epsomfoodbank,<[2021-11-22T19:48:14.921Z]>,User,,,,,,,Sat Mar 08 12:36:05 EST 2014,,,,Emergency Food for Local People in Crisis with @TrussellTrust,,http://pbs.twimg.com/profile_images/586171266849202178/hBy4pLzY_bigger.jpg,3110,2510,Epsom&Ewell Foodbank,EpsomEwell Tadwth L/HeadBanstd,,,,0,0,0,0,0
@samet66korkmaz,@samet66korkmaz,<[2021-11-22T19:48:21.680Z]>,User,,,,,,,Tue Oct 19 13:16:21 EDT 2021,,,,,,http://pbs.twimg.com/profile_images/1450877393627975680/86bpjHwa_bigger.jpg,87,45,Samet Korkmaz,,,,,0,0,0,0,0
@crypto_memories,@crypto_memories,<[2021-11-22T19:48:23.868Z]>,User,,,,,,,Wed Oct 20 20:16:47 EDT 2021,,,,"*Tweets Not Financial Advice*
#Crypto",,http://pbs.twimg.com/profile_images/1459809020240355335/HxT6YrVQ_bigger.jpg,53,74,Cryptocurrency ü§©,,,,,0,0,0,0,0
@ejmc_24,@ejmc_24,<[2021-11-22T19:48:27.605Z]>,User,,,,,,,Wed Feb 24 18:47:34 EST 2021,,,,,,http://pbs.twimg.com/profile_images/1364728819056173058/H-w1Y1yU_bigger.jpg,32,1,Erick Joel Martinez,,,,,0,0,0,0,0
@merica_matt,@merica_matt,<[2021-11-22T19:48:33.245Z]>,User,,,,,,,Fri Nov 20 18:03:52 EST 2020,,,,A very Patriotic American who does a lot of retweeting.,,http://pbs.twimg.com/profile_images/1329924096457650177/jG2Re_jN_bigger.jpg,4958,206,MattMerica,,,,,0,0,0,0,0
@104fighterwing,@104fighterwing,<[2021-11-22T19:48:33.245Z]>,User,,,,,,,Tue Apr 28 11:34:20 EDT 2009,,,,Official Twitter 104th Fighter Wing: Proudly claiming the honor of being one of the oldest flying units in Massachusetts. Following & RTs ‚â† Endorsement.,,http://pbs.twimg.com/profile_images/456202860/f15_bigger.jpg,235,2203,104th Fighter Wing,"Westfield, Massachusetts",,,,0,0,0,0,0
@johnnylwilson,@johnnylwilson,,User,,,,,,,Fri Nov 19 06:45:17 EST 2010,,,,Creative Director//NFT Innovator//Crypto Investor//Too old to be new. Too young to be a classic,,http://pbs.twimg.com/profile_images/1462250215763812355/bPFtXsPR_bigger.jpg,1850,917,Johnny,,,,,0,0,0,0,0
@bjillwatts,@bjillwatts,<[2021-11-22T19:48:36.554Z]>,User,,,,,,,Tue Mar 18 11:11:03 EDT 2014,,,,,,http://pbs.twimg.com/profile_images/807302074425864192/XvRFaMjd_bigger.jpg,84,52,becky.,,,,,0,0,0,0,0
@bkassa1961,@bkassa1961,<[2021-11-22T19:48:48.572Z]>,User,,,,,,,Fri Jun 26 00:51:30 EDT 2015,,,,Cost Control accountant,,http://pbs.twimg.com/profile_images/614295083693641728/NFH6qAoK_bigger.png,63,47,My Info Berhane,,,,,0,0,0,0,0
@kofkarnal,@kofkarnal,<[2021-11-22T19:49:05.740Z]>,User,,,,,,,Sun Mar 04 04:44:32 EST 2012,,,,,,http://pbs.twimg.com/profile_images/1876366471/215640_1049320121369_1476703036_127724_4971_n_bigger.jpg,637,57,Jes√∫s Flores,,,,,0,0,0,0,0
@ogr_kdr,@ogr_kdr,<[2021-11-22T19:49:10.033Z]>,User,,,,,,,Tue Mar 26 14:35:04 EDT 2013,,,,,,http://pbs.twimg.com/profile_images/1338204922580492288/VAayxEEW_bigger.jpg,70,232,Kadir,,,,,0,0,0,0,0
@cryptocrusaderx,@cryptocrusaderx,<[2021-11-22T19:49:12.067Z]>,User,,,,,,,Wed Jul 06 13:01:43 EDT 2016,,,,,,http://pbs.twimg.com/profile_images/1431070547958538240/NJ8udCLm_bigger.jpg,543,158,‚ûï The Crypto Crusader ‚ûï,,,,,0,0,0,0,0
@nikita_t1,@nikita_t1,<[2021-11-22T19:49:12.749Z]>,User,,,,,,,Wed May 05 13:19:25 EDT 2021,,,,$VRA to melt faces ü§§üöÄ,,http://pbs.twimg.com/profile_images/1460633227606081542/NMUAkWkL_bigger.jpg,75,214,T1,,,,,0,0,0,0,0
@7number73,@7number73,<[2021-11-22T19:49:32.872Z]>,User,,,,,,,Wed May 19 15:10:59 EDT 2021,,,,"I m Ainu army üòç‚ù§Ô∏èüíú

Telegram : https://t.me/ainutoken",,http://pbs.twimg.com/profile_images/1452292919113797643/cGpjLMXc_bigger.jpg,1524,179,7-Ainu,,,,,0,0,0,0,0
@naxo201095,@naxo201095,<[2021-11-22T19:49:36.559Z]>,User,,,,,,,Tue Jun 22 09:07:53 EDT 2010,,,,,,http://pbs.twimg.com/profile_images/1239249545550336000/Pppbenx5_bigger.jpg,216,6,nacho ramos camino,,,,,0,0,0,0,0
@bitbash888,@bitbash888,<[2021-11-22T19:49:40.687Z]>,User,,,,,,,Sun Oct 17 06:13:25 EDT 2021,,,,Hello World!,,http://pbs.twimg.com/profile_images/1462503527033413636/l5R6WRnX_bigger.jpg,41,5,‚Çøash Y,,,,,0,0,0,0,0
@shytoshikusama,@shytoshikusama,<[2021-11-22T19:49:40.687Z]>,User,,,,,,,,,,,,,,,,,,,,,0,0,0,0,0
@bs3network,@bs3network,<[2021-11-22T19:49:43.631Z]>,User,,,,,,,Wed Feb 25 18:11:24 EST 2015,,,,"Changing the way you Listen To Podcasts & Watch TV (BS3 TV on Roku)! Comedy, society & culture, politics, sports, spirituality, & tv/film reviews. #BS3N",,http://pbs.twimg.com/profile_images/1446502499561754628/9eqXNBSk_bigger.jpg,7940,8146,BS3 Network,"Forney, TX",,,,0,0,0,0,0
@livingcorp_pod,@livingcorp_pod,<[2021-11-22T19:49:43.631Z]>,User,,,,,,,Sun Feb 25 16:22:24 EST 2018,,,,We are a digital media network that amplifies the voices of Black and brown folks at work. #equity #podsincolor #leadership,,http://pbs.twimg.com/profile_images/1399469172728504323/swXOik5F_bigger.jpg,2996,3144,Living Corporate,Your Screen,,,,0,0,0,0,0
@brittanyjanay,@brittanyjanay,<[2021-11-22T19:49:43.631Z]>,User,,,,,,,,,,,,,,,,,,,,,0,0,0,0,0
@applepodcasts,@applepodcasts,<[2021-11-22T19:49:43.631Z]>,User,,,,,,,,,,,,,,,,,,,,,0,0,0,0,0
@spotify,@spotify,<[2021-11-22T19:49:43.631Z]>,User,,,,,,,,,,,,,,,,,,,,,0,0,0,0,0
@sam_mac12,@sam_mac12,<[2021-11-22T19:49:44.963Z]>,User,,,,,,,Mon Jan 05 20:41:13 EST 2009,,,,"#Hogefinance #HOGEeverywhere @jerseyracks on Tiktok‚Ä¶ Live for the moment!  Say YES to life",,http://pbs.twimg.com/profile_images/1502664217/Spring_Break_11_0_65_bigger.JPG,641,303,Sam,NJ,,,,0,0,0,0,0
@chickenadobo000,@chickenadobo000,<[2021-11-22T19:49:56.289Z]>,User,,,,,,,Mon Aug 30 20:24:48 EDT 2021,,,,Crypto rookie and food enthusiast,,http://pbs.twimg.com/profile_images/1438219051969433604/HyMEsOXb_bigger.jpg,194,58,CryptoCub,,,,,0,0,0,0,0
@reddcoindutch,@reddcoindutch,<[2021-11-22T19:50:03.615Z]>,User,,,,,,,Mon Aug 23 14:32:06 EDT 2021,,,,"Welkom op het offici√´le ReddCoin Nederland Twitter kanaal!
@Reddcoin @ProjectReddTW",,http://pbs.twimg.com/profile_images/1444953116395331584/yHXTUXCR_bigger.jpg,11,97,ReddCoin Dutch Official,,,,,0,0,0,0,0
@satodax,@satodax,<[2021-11-22T19:50:03.615Z]>,User,,,,,,,,,,,,,,,,,,,,,0,0,0,0,0
@forgingblock,@forgingblock,<[2021-11-22T19:50:03.615Z]>,User,,,,,,,,,,,,,,,,,,,,,0,0,0,0,0
